"Peptide_Sequence","len","Aliphatic_index","Boman_index","Insta_index","probability_detection_peptide","hmoment_index_1","hmoment_index_2","molecular_weight_1","molecular_weight_2","peptide_charge_1","peptide_charge_2","peptide_charge_3","peptide_charge_4","peptide_charge_5","peptide_charge_6","peptide_charge_7","peptide_charge_8","peptide_charge_9","peptide_charge_10","peptide_charge_11","peptide_charge_12","peptide_charge_13","peptide_charge_14","peptide_charge_15","peptide_charge_16","peptide_charge_17","peptide_charge_18","peptide_charge_19","peptide_charge_20","peptide_charge_21","peptide_charge_22","peptide_charge_23","peptide_charge_24","peptide_charge_25","peptide_charge_26","peptide_charge_27","aaComp_1","aaComp_2","aaComp_3","aaComp_4","aaComp_5","aaComp_6","aaComp_7","aaComp_8","aaComp_9","aaComp_10","aaComp_11","aaComp_12","aaComp_13","aaComp_14","aaComp_15","aaComp_16","aaComp_17","aaComp_18","iso_electric_point_1","iso_electric_point_2","iso_electric_point_3","iso_electric_point_4","iso_electric_point_5","iso_electric_point_6","iso_electric_point_7","iso_electric_point_8","iso_electric_point_9","kidera_factors_1","kidera_factors_2","kidera_factors_3","kidera_factors_4","kidera_factors_5","kidera_factors_6","kidera_factors_7","kidera_factors_8","kidera_factors_9","kidera_factors_10","Target"
"TLYGPQLSQKIVQIN",15,123.333333333333,0.684,18.0333333333333,1.84097181943343e-12,0.514667460214289,0.454063277166118,1701.98334,1700.9461,1.03802585020906,0.974942419211437,0.195562011647255,1.03802585020906,0.974942419211437,0.195562011647255,1.03802585020906,0.974942419211437,0.195562011647255,1.03802585020906,0.974942419211437,0.195562011647255,1.03802585020906,0.974942419211437,0.195562011647255,1.03802585020906,0.974942419211437,0.195562011647255,1.03802585020906,0.974942419211437,0.195562011647255,1.03802585020906,0.974942419211437,0.195562011647255,1.03802585020906,0.974942419211437,0.195562011647255,3,6,5,1,8,7,1,1,0,20,40,33.333,6.667,53.333,46.667,6.667,6.667,0,8.59086469802699,9.29829459837998,9.77717657740233,9.01389072932068,9.06536867422226,8.93015534579216,9.74962106969086,9.06536867422226,9.31557461318829,0.072,-0.143333333333333,0.386,0.0833333333333333,0.267333333333333,-0.386,0.162,-0.175333333333333,-0.014,-0.566666666666667,0
"PSWGLVVTMFAWGYLLDHVGERMV",24,101.25,-0.277916666666667,-4.7875,0,0.438006568117496,0.225615889900899,2764.25524,2762.37123,0.192777299340941,-0.782598165210294,-1.7859796124104,0.192777299340941,-0.782598165210294,-1.7859796124104,0.192777299340941,-0.782598165210294,-1.7859796124104,0.192777299340941,-0.782598165210294,-1.7859796124104,0.192777299340941,-0.782598165210294,-1.7859796124104,0.192777299340941,-0.782598165210294,-1.7859796124104,0.192777299340941,-0.782598165210294,-1.7859796124104,0.192777299340941,-0.782598165210294,-1.7859796124104,0.192777299340941,-0.782598165210294,-1.7859796124104,6,12,8,5,18,6,4,2,2,25,50,33.333,20.833,75,25,16.667,8.333,8.333,5.32059136730179,5.45422806030934,5.18947742173373,5.52529677195565,5.25057445764838,5.61661854230819,5.18686490257556,5.25057555184102,5.22358896337141,-0.0925,-0.155,0.0858333333333334,-0.325416666666667,-0.00541666666666666,-0.269166666666667,-0.0616666666666667,0.118333333333333,-0.406666666666667,0.355833333333333,1
"TMIKTAVAVV",10,146,-1.232,0.51,1.56167134005569e-05,0.397234699841205,0.254445251725641,1032.30694,1031.60488,1.03803379342831,0.975736116989606,0.269149567764828,1.03803379342831,0.975736116989606,0.269149567764828,1.03803379342831,0.975736116989606,0.269149567764828,1.03803379342831,0.975736116989606,0.269149567764828,1.03803379342831,0.975736116989606,0.269149567764828,1.03803379342831,0.975736116989606,0.269149567764828,1.03803379342831,0.975736116989606,0.269149567764828,1.03803379342831,0.975736116989606,0.269149567764828,1.03803379342831,0.975736116989606,0.269149567764828,4,7,6,0,7,3,1,1,0,40,70,60,0,70,30,10,10,0,8.75002833827637,9.70001568333414,10.5100012482126,9.29998889129914,9.3499969403045,9.09999968058781,10.1100002276115,9.3499969403045,9.75002206869252,-0.729,-0.603,0.774,-0.028,0.244,-0.364,-0.255,-0.174,-0.317,0.046,1
"AGISSLIIDPNPMFV",15,130,-0.642666666666667,9.56666666666667,3.68205466116933e-12,0.230011832227875,0.321411613377111,1573.86754,1572.82213,-0.888377065563433,-1.02331172102786,-1.71524082677409,-0.888377065563433,-1.02331172102786,-1.71524082677409,-0.888377065563433,-1.02331172102786,-1.71524082677409,-0.888377065563433,-1.02331172102786,-1.71524082677409,-0.888377065563433,-1.02331172102786,-1.71524082677409,-0.888377065563433,-1.02331172102786,-1.71524082677409,-0.888377065563433,-1.02331172102786,-1.71524082677409,-0.888377065563433,-1.02331172102786,-1.71524082677409,-0.888377065563433,-1.02331172102786,-1.71524082677409,4,9,6,1,11,4,1,0,1,26.667,60,40,6.667,73.333,26.667,6.667,0,6.667,3.79983628925568,3.74997247561585,2.91499786685702,3.59997545643328,3.549977105284,3.79992933163214,2.99500780565333,3.549977105284,3.47996113554654,0.118666666666667,-0.451333333333333,0.100666666666667,-0.362666666666667,0.0213333333333333,-0.279333333333333,-0.356,-0.0586666666666666,0.157333333333333,-0.4,1
"DPMIVGVLFIEIHMM",15,142.666666666667,-1.236,41.4266666666667,2.04503081135954e-13,0.130436092415148,0.367883212527348,1745.18624,1743.87616,-0.807214725817032,-1.78180130516446,-2.7120759284952,-0.807214725817032,-1.78180130516446,-2.7120759284952,-0.807214725817032,-1.78180130516446,-2.7120759284952,-0.807214725817032,-1.78180130516446,-2.7120759284952,-0.807214725817032,-1.78180130516446,-2.7120759284952,-0.807214725817032,-1.78180130516446,-2.7120759284952,-0.807214725817032,-1.78180130516446,-2.7120759284952,-0.807214725817032,-1.78180130516446,-2.7120759284952,-0.807214725817032,-1.78180130516446,-2.7120759284952,1,5,6,2,12,3,3,1,2,6.667,33.333,40,13.333,80,20,20,6.667,13.333,4.35309624387961,4.18118336497471,3.9704550605502,4.3102189015857,4.17437963649454,4.43966530433453,3.96376449469001,4.17437963649454,4.12226666091694,-0.458666666666667,-0.145333333333333,0.182666666666667,-0.432,0.360666666666667,0.078,-0.262,0.246666666666667,0.002,-0.0233333333333333,0
"ELNNALQNLARTISE",15,117.333333333333,2.44466666666667,43.9066666666667,8.28459523205538e-12,0.726513650075394,0.159923852891641,1685.85434,1684.87439,-0.738333113747549,-1.02159389605098,-1.71553971959971,-0.738333113747549,-1.02159389605098,-1.71553971959971,-0.738333113747549,-1.02159389605098,-1.71553971959971,-0.738333113747549,-1.02159389605098,-1.71553971959971,-0.738333113747549,-1.02159389605098,-1.71553971959971,-0.738333113747549,-1.02159389605098,-1.71553971959971,-0.738333113747549,-1.02159389605098,-1.71553971959971,-0.738333113747549,-1.02159389605098,-1.71553971959971,-0.738333113747549,-1.02159389605098,-1.71553971959971,4,7,6,0,6,9,3,1,2,26.667,46.667,40,0,40,60,20,6.667,13.333,4.53140412837739,4.25817254646036,4.25672597628505,4.53798408122397,4.35656080094373,4.44647858848043,4.26029428501209,4.3565578582609,4.30128741493702,-0.375333333333333,-0.24,-0.109333333333333,0.278666666666667,-0.469333333333333,-0.329333333333333,0.104666666666667,-0.0586666666666667,0.246666666666667,-0.454666666666667,1
"GKAGCQTYKWETFLTSELPG",20,44,1.0225,26.915,0,0.298303889972525,0.481125235104782,2216.49324,2215.06192,0.261339677076984,-0.0533547900019307,-1.57976139905127,0.261339677076984,-0.0533547900019307,-1.57976139905127,0.261339677076984,-0.0533547900019307,-1.57976139905127,0.261339677076984,-0.0533547900019307,-1.57976139905127,0.261339677076984,-0.0533547900019307,-1.57976139905127,0.261339677076984,-0.0533547900019307,-1.57976139905127,0.261339677076984,-0.0533547900019307,-1.57976139905127,0.261339677076984,-0.0533547900019307,-1.57976139905127,0.261339677076984,-0.0533547900019307,-1.57976139905127,9,10,3,3,11,9,4,2,2,45,50,15,15,55,45,20,10,10,6.13463618702332,6.35151761328403,6.4248791279088,6.46986887107812,6.27946001588718,6.36252587615587,6.35709126165605,6.27946001588718,6.1998139562591,0.0965,-0.2565,-0.147,0.042,-0.0725,-0.291,0.4715,-0.0245,-0.349,0.102,0
"QLSAEYASTAAELSG",15,78.6666666666667,0.936666666666667,25.12,6.62766508341406e-11,0.255688281079246,0.298289954619993,1497.57854,1496.69944,-1.73834102534402,-2.02238443156149,-2.78881114791965,-1.73834102534402,-2.02238443156149,-2.78881114791965,-1.73834102534402,-2.02238443156149,-2.78881114791965,-1.73834102534402,-2.02238443156149,-2.78881114791965,-1.73834102534402,-2.02238443156149,-2.78881114791965,-1.73834102534402,-2.02238443156149,-2.78881114791965,-1.73834102534402,-2.02238443156149,-2.78881114791965,-1.73834102534402,-2.02238443156149,-2.78881114791965,-1.73834102534402,-2.02238443156149,-2.78881114791965,9,9,6,1,8,7,2,0,2,60,60,40,6.667,53.333,46.667,13.333,0,13.333,3.79501990475357,3.61369621783602,3.03580753641376,3.66510720752187,3.55626041845469,3.61092569855751,3.12744622999301,3.55626041845469,3.48367725862428,-0.410666666666667,-0.698666666666667,-0.35,0.0886666666666666,-0.464666666666667,-0.513333333333333,-0.158666666666667,-0.2,-0.278,-0.142666666666667,1
"AAVVRFQEAANKQKQ",15,65.3333333333333,2.51933333333333,69.5333333333333,8.1823436914874e-13,0.524335488148446,0.56268064537158,1687.91934,1686.91652,2.14984794669297,1.97683183302894,1.253244366821,2.14984794669297,1.97683183302894,1.253244366821,2.14984794669297,1.97683183302894,1.253244366821,2.14984794669297,1.97683183302894,1.253244366821,2.14984794669297,1.97683183302894,1.253244366821,2.14984794669297,1.97683183302894,1.253244366821,2.14984794669297,1.97683183302894,1.253244366821,2.14984794669297,1.97683183302894,1.253244366821,2.14984794669297,1.97683183302894,1.253244366821,4,7,6,1,7,8,4,3,1,26.667,46.667,40,6.667,46.667,53.333,26.667,20,6.667,9.99428746687689,10.789028455269,11.2118731794728,10.3850714707473,10.4958538106813,10.0047293608343,10.6115504521079,10.4790969795713,11.1993788289743,-0.674,-0.224666666666667,-0.0513333333333333,0.482666666666667,0.07,-0.386,0.228,-0.0113333333333333,0.104,-0.518,1
"KILVQANEAETTTASG",16,85.625,1.388125,16.10625,3.16746628925557e-13,0.287900239289685,0.413970142649399,1632.78804,1631.8366,-0.738334667015454,-1.02174919798768,-1.73082525404391,-0.738334667015454,-1.02174919798768,-1.73082525404391,-0.738334667015454,-1.02174919798768,-1.73082525404391,-0.738334667015454,-1.02174919798768,-1.73082525404391,-0.738334667015454,-1.02174919798768,-1.73082525404391,-0.738334667015454,-1.02174919798768,-1.73082525404391,-0.738334667015454,-1.02174919798768,-1.73082525404391,-0.738334667015454,-1.02174919798768,-1.73082525404391,-0.738334667015454,-1.02174919798768,-1.73082525404391,8,10,6,0,7,9,3,1,2,50,62.5,37.5,0,43.75,56.25,18.75,6.25,12.5,4.53138210655387,4.25813855359571,4.25672597628505,4.53795832262713,4.35658976378878,4.44648578267058,4.26031694625184,4.35658976378878,4.30128741493702,-0.419375,-0.603125,0.04625,0.31375,-0.224375,-0.30875,0.036875,-0.091875,-0.19625,-0.28375,1
"AAKLATALQSAAPWL",15,118,-0.726,73.8466666666667,8.83689788011566e-11,0.393495303949108,0.210119040290882,1511.78424,1510.85072,1.03803379342831,0.975736116989606,0.269149567764828,1.03803379342831,0.975736116989606,0.269149567764828,1.03803379342831,0.975736116989606,0.269149567764828,1.03803379342831,0.975736116989606,0.269149567764828,1.03803379342831,0.975736116989606,0.269149567764828,1.03803379342831,0.975736116989606,0.269149567764828,1.03803379342831,0.975736116989606,0.269149567764828,1.03803379342831,0.975736116989606,0.269149567764828,1.03803379342831,0.975736116989606,0.269149567764828,8,9,9,1,11,4,1,1,0,53.333,60,60,6.667,73.333,26.667,6.667,6.667,0,8.75002833827637,9.70001568333414,10.5100012482126,9.29998889129914,9.3499969403045,9.09999968058781,10.1100002276115,9.3499969403045,9.75002206869252,-0.657333333333333,-0.598,-0.48,-0.226,-0.345333333333333,-0.797333333333333,0.122666666666667,-0.57,-0.066,-0.182666666666667,0
"SSAGLMVAAASPYVAWMSVT",20,88,-0.8875,70.665,1.11022302462516e-16,0.0999620757501671,0.227605948647896,1999.32734,1997.95904,0.0380274350997413,-0.0248991165842006,-0.788836326110916,0.0380274350997413,-0.0248991165842006,-0.788836326110916,0.0380274350997413,-0.0248991165842006,-0.788836326110916,0.0380274350997413,-0.0248991165842006,-0.788836326110916,0.0380274350997413,-0.0248991165842006,-0.788836326110916,0.0380274350997413,-0.0248991165842006,-0.788836326110916,0.0380274350997413,-0.0248991165842006,-0.788836326110916,0.0380274350997413,-0.0248991165842006,-0.788836326110916,0.0380274350997413,-0.0248991165842006,-0.788836326110916,11,15,9,2,15,5,0,0,0,55,75,45,10,75,25,0,0,0,5.5242755106412,6.09322134945637,5.7810778780216,5.69652980663244,5.69726956302037,5.69652980663244,5.93930725507574,5.69726956302037,5.54954996878612,-0.258,-0.6925,0.037,-0.292,-0.041,-0.376,-0.461,-0.291,-0.5065,0.02,1
"VTLGYTSGT",9,75.5555555555556,0.0455555555555555,-28.8444444444444,0.00217617721577801,0.148154139267591,0.249186158762103,897.98054,897.44435,0.0380274350997413,-0.0248991165842006,-0.788836326110916,0.0380274350997413,-0.0248991165842006,-0.788836326110916,0.0380274350997413,-0.0248991165842006,-0.788836326110916,0.0380274350997413,-0.0248991165842006,-0.788836326110916,0.0380274350997413,-0.0248991165842006,-0.788836326110916,0.0380274350997413,-0.0248991165842006,-0.788836326110916,0.0380274350997413,-0.0248991165842006,-0.788836326110916,0.0380274350997413,-0.0248991165842006,-0.788836326110916,0.0380274350997413,-0.0248991165842006,-0.788836326110916,6,7,2,1,5,4,0,0,0,66.667,77.778,22.222,11.111,55.556,44.444,0,0,0,5.5242755106412,6.09322134945637,5.7810778780216,5.69652980663244,5.69726956302037,5.69652980663244,5.93930725507574,5.69726956302037,5.54954996878612,0.456666666666667,-0.703333333333333,0.658888888888889,-0.0077777777777778,-0.04,-0.395555555555556,0.116666666666667,0.05,-0.67,0.374444444444444,1
"AHAAIAFIAVEAVLG",15,156.666666666667,-1.74333333333333,3.67333333333333,6.54587495318992e-12,0.138313588958626,0.317334777352366,1452.71654,1451.81359,0.119197718065395,-0.782595002942634,-1.71208387171445,0.119197718065395,-0.782595002942634,-1.71208387171445,0.119197718065395,-0.782595002942634,-1.71208387171445,0.119197718065395,-0.782595002942634,-1.71208387171445,0.119197718065395,-0.782595002942634,-1.71208387171445,0.119197718065395,-0.782595002942634,-1.71208387171445,0.119197718065395,-0.782595002942634,-1.71208387171445,0.119197718065395,-0.782595002942634,-1.71208387171445,0.119197718065395,-0.782595002942634,-1.71208387171445,7,9,11,2,13,2,2,1,1,46.667,60,73.333,13.333,86.667,13.333,13.333,6.667,6.667,5.24020404438733,5.36347982171632,5.12713140727978,5.45879149664532,5.16939718054934,5.4605169459962,5.12834076958313,5.16939718054934,5.14095140470148,-0.93,-0.802,-0.0586666666666667,-0.346666666666667,-0.372666666666667,-0.52,-0.257333333333333,0.280666666666667,0.196,-0.178666666666667,0
"AGGAGGVGAVGGKGG",15,58.6666666666667,-1.09466666666667,8.28,6.9822370107886e-11,0.211886135756939,0.239913488511129,1071.15804,1070.54681,1.03803379342831,0.975736116989606,0.269149567764828,1.03803379342831,0.975736116989606,0.269149567764828,1.03803379342831,0.975736116989606,0.269149567764828,1.03803379342831,0.975736116989606,0.269149567764828,1.03803379342831,0.975736116989606,0.269149567764828,1.03803379342831,0.975736116989606,0.269149567764828,1.03803379342831,0.975736116989606,0.269149567764828,1.03803379342831,0.975736116989606,0.269149567764828,1.03803379342831,0.975736116989606,0.269149567764828,12,14,5,0,14,1,1,1,0,80,93.333,33.333,0,93.333,6.667,6.667,6.667,0,8.75002833827637,9.70001568333414,10.5100012482126,9.29998889129914,9.3499969403045,9.09999968058781,10.1100002276115,9.3499969403045,9.75002206869252,0.442666666666667,-1.55,-0.0753333333333333,-0.09,0.0433333333333333,-0.438,0.686,1.40266666666667,-1.04733333333333,0.306666666666667,0
"GCSSNKSTTGSGETTTAAGT",20,10,1.968,18.71,0,0.167812758134386,0.237550472090117,1817.85604,1816.77449,0.1495334354088,-0.0536599705307539,-1.4905847697875,0.1495334354088,-0.0536599705307539,-1.4905847697875,0.1495334354088,-0.0536599705307539,-1.4905847697875,0.1495334354088,-0.0536599705307539,-1.4905847697875,0.1495334354088,-0.0536599705307539,-1.4905847697875,0.1495334354088,-0.0536599705307539,-1.4905847697875,0.1495334354088,-0.0536599705307539,-1.4905847697875,0.1495334354088,-0.0536599705307539,-1.4905847697875,0.1495334354088,-0.0536599705307539,-1.4905847697875,17,18,2,0,7,13,2,1,1,85,90,10,0,35,65,10,5,5,5.99424829106409,6.23182405889195,6.27781133007958,6.32698148766041,6.13779699805617,6.22160690439813,6.20997813446339,6.13779699805617,6.05534541931734,0.3495,-0.9825,0.1765,0.3455,-0.16,-0.045,0.069,-0.069,-0.603,0.0475,1
"EPGDIIIDGGNALYT",15,110.666666666667,0.619333333333333,19.08,8.1823436914874e-13,0.440738465157407,0.345066708744597,1547.68164,1546.75146,-2.70298168288699,-3.02205437851651,-3.78880785057678,-2.70298168288699,-3.02205437851651,-3.78880785057678,-2.70298168288699,-3.02205437851651,-3.78880785057678,-2.70298168288699,-3.02205437851651,-3.78880785057678,-2.70298168288699,-3.02205437851651,-3.78880785057678,-2.70298168288699,-3.02205437851651,-3.78880785057678,-2.70298168288699,-3.02205437851651,-3.78880785057678,-2.70298168288699,-3.02205437851651,-3.78880785057678,-2.70298168288699,-3.02205437851651,-3.78880785057678,5,9,5,1,10,5,3,0,3,33.333,60,33.333,6.667,66.667,33.333,20,0,20,3.49236448123418,3.38003048242333,2.70338171854972,3.33737160544517,3.26627019215964,3.4986868580579,2.77588037976759,3.26627019215964,3.20127073170851,0.276,-0.526666666666667,-0.0373333333333333,-0.0826666666666667,-0.332666666666667,-0.194666666666667,-0.042,0.526666666666667,0.00400000000000003,-0.234666666666667,1
"AAKGAGAYAGPRYGF",15,33.3333333333333,0.330666666666667,-7.57333333333333,1.30916388840774e-11,0.277215713002143,0.434186380582471,1456.62374,1455.72585,2.03801787536703,1.97414555916561,1.12165832773205,2.03801787536703,1.97414555916561,1.12165832773205,2.03801787536703,1.97414555916561,1.12165832773205,2.03801787536703,1.97414555916561,1.12165832773205,2.03801787536703,1.97414555916561,1.12165832773205,2.03801787536703,1.97414555916561,1.12165832773205,2.03801787536703,1.97414555916561,1.12165832773205,2.03801787536703,1.97414555916561,1.12165832773205,2.03801787536703,1.97414555916561,1.12165832773205,9,10,5,3,13,2,2,2,0,60,66.667,33.333,20,86.667,13.333,13.333,13.333,0,9.69982324523824,10.0086223915881,10.1574403523811,9.82832379473705,9.92789010167366,9.71482586401977,10.0858486747564,9.92423108326126,10.5317464115037,0.168666666666667,-0.699333333333333,-0.302666666666667,-0.114666666666667,-0.220666666666667,-0.541333333333333,0.446666666666667,0.628666666666667,-0.232666666666667,0.0873333333333333,0
"ADSSKYMITLHTPIA",15,91.3333333333333,0.685333333333333,53.62,3.68205466116933e-12,0.316817276181802,0.343394707118636,1647.90674,1646.83377,1.08095997629492,0.215989190341648,-0.801277735950233,1.08095997629492,0.215989190341648,-0.801277735950233,1.08095997629492,0.215989190341648,-0.801277735950233,1.08095997629492,0.215989190341648,-0.801277735950233,1.08095997629492,0.215989190341648,-0.801277735950233,1.08095997629492,0.215989190341648,-0.801277735950233,1.08095997629492,0.215989190341648,-0.801277735950233,1.08095997629492,0.215989190341648,-0.801277735950233,1.08095997629492,0.215989190341648,-0.801277735950233,6,8,5,2,8,7,3,2,1,40,53.333,33.333,13.333,53.333,46.667,20,13.333,6.667,6.74270446902373,7.54147297940812,7.70389280995432,7.29526704095281,7.09799533281696,7.34361633063302,7.74730465684031,7.09799533281696,7.00160690667838,-0.107333333333333,-0.318,0.0853333333333333,-0.022,0.0666666666666667,-0.270666666666667,-0.424666666666667,-0.32,-0.00266666666666667,-0.0146666666666667,1
"EARHVIPFSALCLRLSQLGG",20,122,0.7625,62.38,1.11022302462516e-16,0.349667231432858,0.6253960382536,2167.55704,2166.17313,2.11888152702221,1.18674524249033,-0.472463053957668,2.11888152702221,1.18674524249033,-0.472463053957668,2.11888152702221,1.18674524249033,-0.472463053957668,2.11888152702221,1.18674524249033,-0.472463053957668,2.11888152702221,1.18674524249033,-0.472463053957668,2.11888152702221,1.18674524249033,-0.472463053957668,2.11888152702221,1.18674524249033,-0.472463053957668,2.11888152702221,1.18674524249033,-0.472463053957668,2.11888152702221,1.18674524249033,-0.472463053957668,7,9,8,2,13,7,4,3,1,35,45,40,10,65,35,20,15,5,8.25853498894421,8.55739337749132,8.91958247279491,8.60583373332067,8.2548171216802,8.36183416461394,8.93604634265746,8.2545983281495,8.17029970482383,-0.2065,-0.352,0.0325,-0.1265,-0.2965,-0.3775,0.188,-0.137,0.0975,0.1755,1
"IDLNVLLSAAINFFL",15,188.666666666667,-1.18266666666667,-0.686666666666666,8.28459523205538e-12,0.342465308643874,0.280892767299045,1662.98944,1661.9392,-0.888377065563433,-1.02331172102786,-1.71524082677409,-0.888377065563433,-1.02331172102786,-1.71524082677409,-0.888377065563433,-1.02331172102786,-1.71524082677409,-0.888377065563433,-1.02331172102786,-1.71524082677409,-0.888377065563433,-1.02331172102786,-1.71524082677409,-0.888377065563433,-1.02331172102786,-1.71524082677409,-0.888377065563433,-1.02331172102786,-1.71524082677409,-0.888377065563433,-1.02331172102786,-1.71524082677409,-0.888377065563433,-1.02331172102786,-1.71524082677409,3,7,9,2,11,4,1,0,1,20,46.667,60,13.333,73.333,26.667,6.667,0,6.667,3.79983628925568,3.74997247561585,2.91499786685702,3.59997545643328,3.549977105284,3.79992933163214,2.99500780565333,3.549977105284,3.47996113554654,-0.415333333333333,-0.256666666666667,0.0226666666666667,-0.459333333333333,-0.331333333333333,-0.778,-0.102666666666667,0.124,0.566,-0.268,1
"LQNLARTISEAGQAMASTEGNVT",23,80.8695652173913,1.61478260869565,38.4695652173913,0,0.731636980158781,0.2714370836869,2362.59684,2361.15941,-0.738333113747549,-1.02159389605098,-1.71553971959971,-0.738333113747549,-1.02159389605098,-1.71553971959971,-0.738333113747549,-1.02159389605098,-1.71553971959971,-0.738333113747549,-1.02159389605098,-1.71553971959971,-0.738333113747549,-1.02159389605098,-1.71553971959971,-0.738333113747549,-1.02159389605098,-1.71553971959971,-0.738333113747549,-1.02159389605098,-1.71553971959971,-0.738333113747549,-1.02159389605098,-1.71553971959971,-0.738333113747549,-1.02159389605098,-1.71553971959971,11,14,8,0,11,12,3,1,2,47.826,60.87,34.783,0,47.826,52.174,13.043,4.348,8.696,4.53140412837739,4.25817254646036,4.25672597628505,4.53798408122397,4.35656080094373,4.44647858848043,4.26029428501209,4.3565578582609,4.30128741493702,-0.313478260869565,-0.589565217391304,0.0256521739130435,0.228695652173913,-0.223478260869565,-0.16304347826087,0.0678260869565217,-0.0339130434782609,-0.2,-0.318260869565217,1
"RAQRQRDLEAIRRAYAEM",18,65.5555555555555,4.92944444444444,65.1222222222222,1.66533453693773e-15,0.682927256159954,0.287171129812595,2233.53634,2232.16577,2.33524637265967,1.97839345487838,1.20961615631145,2.33524637265967,1.97839345487838,1.20961615631145,2.33524637265967,1.97839345487838,1.20961615631145,2.33524637265967,1.97839345487838,1.20961615631145,2.33524637265967,1.97839345487838,1.20961615631145,2.33524637265967,1.97839345487838,1.20961615631145,2.33524637265967,1.97839345487838,1.20961615631145,2.33524637265967,1.97839345487838,1.20961615631145,2.33524637265967,1.97839345487838,1.20961615631145,4,5,6,1,8,10,8,5,3,22.222,27.778,33.333,5.556,44.444,55.556,44.444,27.778,16.667,10.612692693115,10.9343603838623,10.4436940333955,10.6164878240801,10.9293817084917,10.6164878851233,10.9875165160023,10.6609678508831,10.6004310177403,-0.566111111111111,0.100555555555556,0.0133333333333334,0.581111111111111,-0.702777777777778,0.00722222222222223,0.228888888888889,-0.0872222222222222,0.0988888888888889,-0.0844444444444444,1
"DSGTHSWEYWGAQLNAMKPD",20,29.5,1.936,-7.27,0,0.323248142542236,0.433577231731862,2293.45164,2291.99055,-0.733636697809391,-1.78195976936883,-2.80125720363535,-0.733636697809391,-1.78195976936883,-2.80125720363535,-0.733636697809391,-1.78195976936883,-2.80125720363535,-0.733636697809391,-1.78195976936883,-2.80125720363535,-0.733636697809391,-1.78195976936883,-2.80125720363535,-0.733636697809391,-1.78195976936883,-2.80125720363535,-0.733636697809391,-1.78195976936883,-2.80125720363535,-0.733636697809391,-1.78195976936883,-2.80125720363535,-0.733636697809391,-1.78195976936883,-2.80125720363535,7,11,3,4,10,10,5,2,3,35,55,15,20,50,50,25,10,15,4.5364902273951,4.36606540671295,4.19028482349008,4.51009265988627,4.37381408659863,4.70997957233781,4.17674935355138,4.37381408659863,4.32672649054364,0.1455,-0.1665,-0.4325,0.0505,-0.0445,-0.095,-0.2,0.031,-0.362,-0.0305,0
"FIFTTPQALDNAAKS",15,72,0.917333333333333,22.1733333333333,2.45470310744622e-12,0.476776737007257,0.206179640653014,1623.82594,1622.83039,0.111621349545886,-0.0234701852322244,-0.73084248901592,0.111621349545886,-0.0234701852322244,-0.73084248901592,0.111621349545886,-0.0234701852322244,-0.73084248901592,0.111621349545886,-0.0234701852322244,-0.73084248901592,0.111621349545886,-0.0234701852322244,-0.73084248901592,0.111621349545886,-0.0234701852322244,-0.73084248901592,0.111621349545886,-0.0234701852322244,-0.73084248901592,0.111621349545886,-0.0234701852322244,-0.73084248901592,0.111621349545886,-0.0234701852322244,-0.73084248901592,6,9,5,2,8,7,2,1,1,40,60,33.333,13.333,53.333,46.667,13.333,6.667,6.667,5.83569228039087,6.33736880256741,6.60408325174065,6.13098624383973,6.08889013221813,6.31008496629485,6.65100724348162,6.08889013221813,5.96523573983635,-0.171333333333333,-0.35,-0.167333333333333,-0.0126666666666667,-0.0713333333333333,-0.463333333333333,0.00933333333333333,-0.208666666666667,0.344,-0.404,0
"GLSTHEGALL",10,127,-0.101,0.51,0.000158107957464071,0.0848768049698177,0.059750267522952,997.11594,996.52398,0.119197718065395,-0.782595002942634,-1.71208387171445,0.119197718065395,-0.782595002942634,-1.71208387171445,0.119197718065395,-0.782595002942634,-1.71208387171445,0.119197718065395,-0.782595002942634,-1.71208387171445,0.119197718065395,-0.782595002942634,-1.71208387171445,0.119197718065395,-0.782595002942634,-1.71208387171445,0.119197718065395,-0.782595002942634,-1.71208387171445,0.119197718065395,-0.782595002942634,-1.71208387171445,0.119197718065395,-0.782595002942634,-1.71208387171445,5,5,4,1,6,4,2,1,1,50,50,40,10,60,40,20,10,10,5.24020404438733,5.36347982171632,5.12713140727978,5.45879149664532,5.16939718054934,5.4605169459962,5.12834076958313,5.16939718054934,5.14095140470148,-0.255,-0.666,-0.267,-0.139,-0.239,-0.596,0.186,0.091,-0.251,0.47,0
"FLGQNTAAIAATEAQ",15,85.3333333333333,0.457333333333333,16.5133333333333,3.27293747659496e-12,0.179772793655144,0.179749921929589,1505.64744,1504.75214,-0.85014885190289,-1.02284807629468,-1.71523618089771,-0.85014885190289,-1.02284807629468,-1.71523618089771,-0.85014885190289,-1.02284807629468,-1.71523618089771,-0.85014885190289,-1.02284807629468,-1.71523618089771,-0.85014885190289,-1.02284807629468,-1.71523618089771,-0.85014885190289,-1.02284807629468,-1.71523618089771,-0.85014885190289,-1.02284807629468,-1.71523618089771,-0.85014885190289,-1.02284807629468,-1.71523618089771,-0.85014885190289,-1.02284807629468,-1.71523618089771,8,9,7,1,9,6,1,0,1,53.333,60,46.667,6.667,60,40,6.667,0,6.667,3.99962304247654,3.84997403782626,3.19998209644163,3.84994230804753,3.74994491270231,3.79992933163214,3.29500073158053,3.74994491270231,3.67493802150679,-0.603333333333333,-0.686,-0.204,0.042,-0.303333333333333,-0.298,0.215333333333333,0.0466666666666667,0.118666666666667,-0.624,1
"LTQPLQQLTSLFSQV",15,123.333333333333,0.493333333333333,59.5333333333333,4.97075713923323e-11,0.540528654883069,0.135122701551367,1702.96814,1701.93012,0.0380353783189933,-0.0241054188060313,-0.715248769993342,0.0380353783189933,-0.0241054188060313,-0.715248769993342,0.0380353783189933,-0.0241054188060313,-0.715248769993342,0.0380353783189933,-0.0241054188060313,-0.715248769993342,0.0380353783189933,-0.0241054188060313,-0.715248769993342,0.0380353783189933,-0.0241054188060313,-0.715248769993342,0.0380353783189933,-0.0241054188060313,-0.715248769993342,0.0380353783189933,-0.0241054188060313,-0.715248769993342,0.0380353783189933,-0.0241054188060313,-0.715248769993342,4,6,5,1,7,8,0,0,0,26.667,40,33.333,6.667,46.667,53.333,0,0,0,5.52501563885118,6.09998232888297,5.83498104300214,5.70000263044149,5.70000263044149,5.70000263044149,6.0149951106305,5.70000263044149,5.54999908874364,-0.186,-0.177333333333333,0.172666666666667,-0.032,0.212,-0.556666666666667,0.253333333333333,-0.774666666666667,0.0406666666666667,-0.383333333333333,0
"DGDRHARGFEDLVEV",15,71.3333333333333,3.64066666666667,24.3266666666667,3.68205466116933e-12,0.756750630028106,0.448705199001417,1714.81194,1713.80701,-1.54822390704932,-2.77896289163209,-3.71267970855632,-1.54822390704932,-2.77896289163209,-3.71267970855632,-1.54822390704932,-2.77896289163209,-3.71267970855632,-1.54822390704932,-2.77896289163209,-3.71267970855632,-1.54822390704932,-2.77896289163209,-3.71267970855632,-1.54822390704932,-2.77896289163209,-3.71267970855632,-1.54822390704932,-2.77896289163209,-3.71267970855632,-1.54822390704932,-2.77896289163209,-3.71267970855632,-1.54822390704932,-2.77896289163209,-3.71267970855632,3,8,4,2,7,8,8,3,5,20,53.333,26.667,13.333,46.667,53.333,53.333,20,33.333,4.42788599974429,4.22731806094239,4.0984683220402,4.40676278931037,4.26701026227048,4.58592978299253,4.08468542806893,4.26700976972066,4.22003592669526,-0.166666666666667,-0.216666666666667,-0.23,0.324666666666667,-0.482,-0.153333333333333,-0.170666666666667,0.464,0.0866666666666667,0.505333333333333,1
"AMPGLLQRLSSAASV",15,117.333333333333,0.209333333333333,73.2,5.96490301596475e-10,0.430413364057606,0.244311398945888,1500.77644,1499.81297,1.03803534669622,0.975891418926308,0.284435102209028,1.03803534669622,0.975891418926308,0.284435102209028,1.03803534669622,0.975891418926308,0.284435102209028,1.03803534669622,0.975891418926308,0.284435102209028,1.03803534669622,0.975891418926308,0.284435102209028,1.03803534669622,0.975891418926308,0.284435102209028,1.03803534669622,0.975891418926308,0.284435102209028,1.03803534669622,0.975891418926308,0.284435102209028,1.03803534669622,0.975891418926308,0.284435102209028,7,9,7,0,10,5,1,1,0,46.667,60,46.667,0,66.667,33.333,6.667,6.667,0,9.75004051728564,10.5499991946977,10.5100012482126,10.099983975045,10.3500025103709,10.099983975045,11.0850028578896,10.099983975045,9.75002206869252,-0.282666666666667,-0.637333333333333,-0.098,-0.128,-0.146,-0.572,-0.0546666666666667,-0.456,-0.225333333333333,0.024,0
"EGRLAAWAIELDAAA",15,118,0.558,28.6066666666667,1.47281076223749e-11,0.316437101336447,0.637482583986367,1556.73844,1555.7994,-1.66474555762998,-2.02080019827281,-2.71553177638046,-1.66474555762998,-2.02080019827281,-2.71553177638046,-1.66474555762998,-2.02080019827281,-2.71553177638046,-1.66474555762998,-2.02080019827281,-2.71553177638046,-1.66474555762998,-2.02080019827281,-2.71553177638046,-1.66474555762998,-2.02080019827281,-2.71553177638046,-1.66474555762998,-2.02080019827281,-2.71553177638046,-1.66474555762998,-2.02080019827281,-2.71553177638046,-1.66474555762998,-2.02080019827281,-2.71553177638046,7,8,9,1,11,4,4,1,3,46.667,53.333,60,6.667,73.333,26.667,26.667,6.667,20,4.13741923484684,3.927560446878,3.75260631885363,4.09131631817723,3.9524888139431,4.16163821780037,3.74973511962676,3.95248880790699,3.89794320177526,-0.834,-0.574,-0.592666666666667,-0.0866666666666667,-0.901333333333333,-0.458666666666667,0.014,0.0873333333333333,-0.0566666666666666,-0.103333333333333,0
"LLPLLEKVIGAGKPL",15,182,-1.28933333333333,0.166666666666667,6.62766508341406e-11,0.448380715844009,0.155919660898636,1560.98394,1560.00139,1.14984797831575,0.976834995296599,0.253560494618629,1.14984797831575,0.976834995296599,0.253560494618629,1.14984797831575,0.976834995296599,0.253560494618629,1.14984797831575,0.976834995296599,0.253560494618629,1.14984797831575,0.976834995296599,0.253560494618629,1.14984797831575,0.976834995296599,0.253560494618629,1.14984797831575,0.976834995296599,0.253560494618629,1.14984797831575,0.976834995296599,0.253560494618629,1.14984797831575,0.976834995296599,0.253560494618629,3,6,8,0,12,3,3,2,1,20,40,53.333,0,80,20,20,13.333,6.667,8.59109650016065,9.53731537393642,10.3437876067822,9.13735501180578,9.1886555116353,8.93023211871351,9.90126615998324,9.1886555116353,9.59681806920358,-0.221333333333333,-0.352666666666667,-0.211333333333333,-0.279333333333333,0.000666666666666649,-1.05133333333333,0.552,-0.198,-0.0326666666666666,0.298666666666667,1
"EGYRRLSRQLAAAHL",15,98,2.94533333333333,50.6066666666667,1.49122603154694e-10,0.777745459485116,0.380010976426677,1740.98574,1739.9543,3.11918967997782,2.21660181247622,1.21338018877509,3.11918967997782,2.21660181247622,1.21338018877509,3.11918967997782,2.21660181247622,1.21338018877509,3.11918967997782,2.21660181247622,1.21338018877509,3.11918967997782,2.21660181247622,1.21338018877509,3.11918967997782,2.21660181247622,1.21338018877509,3.11918967997782,2.21660181247622,1.21338018877509,3.11918967997782,2.21660181247622,1.21338018877509,3.11918967997782,2.21660181247622,1.21338018877509,5,5,6,2,8,7,5,4,1,33.333,33.333,40,13.333,53.333,46.667,33.333,26.667,6.667,10.7372987293426,11.0537202272265,10.5753683754959,10.740900205126,11.0488643039637,10.7409247383921,11.1052280269546,10.7870125355253,10.7636377495058,-0.388,-0.120666666666667,-0.0406666666666666,0.25,-0.55,-0.422,0.212666666666667,-0.0873333333333333,0.0493333333333333,0.272,0
"GIASLFNGALFRAST",15,98,0.193333333333333,-12.0066666666667,6.62766508341406e-11,0.342724143527919,0.364966886627643,1524.73964,1523.80959,1.03803534669622,0.975891418926308,0.284435102209028,1.03803534669622,0.975891418926308,0.284435102209028,1.03803534669622,0.975891418926308,0.284435102209028,1.03803534669622,0.975891418926308,0.284435102209028,1.03803534669622,0.975891418926308,0.284435102209028,1.03803534669622,0.975891418926308,0.284435102209028,1.03803534669622,0.975891418926308,0.284435102209028,1.03803534669622,0.975891418926308,0.284435102209028,1.03803534669622,0.975891418926308,0.284435102209028,8,9,6,2,10,5,1,1,0,53.333,60,40,13.333,66.667,33.333,6.667,6.667,0,9.75004051728564,10.5499991946977,10.5100012482126,10.099983975045,10.3500025103709,10.099983975045,11.0850028578896,10.099983975045,9.75002206869252,-0.116666666666667,-0.586,1.48029736616688e-17,-0.187333333333333,-0.388666666666667,-0.538,0.117333333333333,0.204,0.0746666666666667,-0.159333333333333,0
"SLLEIGEGVV",10,175,-0.77,20.72,5.27054303016694e-05,0.420770723414716,0.16981101899509,1015.17164,1014.55969,-1.73833308212477,-2.02159073378332,-2.71522359180208,-1.73833308212477,-2.02159073378332,-2.71522359180208,-1.73833308212477,-2.02159073378332,-2.71522359180208,-1.73833308212477,-2.02159073378332,-2.71522359180208,-1.73833308212477,-2.02159073378332,-2.71522359180208,-1.73833308212477,-2.02159073378332,-2.71522359180208,-1.73833308212477,-2.02159073378332,-2.71522359180208,-1.73833308212477,-2.02159073378332,-2.71522359180208,-1.73833308212477,-2.02159073378332,-2.71522359180208,3,5,5,0,7,3,2,0,2,30,50,50,0,70,30,20,0,20,3.79502045769062,3.61369642388961,3.03580764626964,3.6651078802799,3.55626073075909,3.61092609203128,3.1274468534265,3.55626073075909,3.48367731165901,-0.346,-0.62,0.187,-0.133,-0.327,-0.554,-0.022,0.344,-0.435,0.183,0
"MSFVIASPEALLAAA",15,130.666666666667,-1.30466666666667,79.5066666666667,4.41844338894271e-11,0.174329161601044,0.2046698414534,1490.77784,1489.78501,-0.85014885190289,-1.02284807629468,-1.71523618089771,-0.85014885190289,-1.02284807629468,-1.71523618089771,-0.85014885190289,-1.02284807629468,-1.71523618089771,-0.85014885190289,-1.02284807629468,-1.71523618089771,-0.85014885190289,-1.02284807629468,-1.71523618089771,-0.85014885190289,-1.02284807629468,-1.71523618089771,-0.85014885190289,-1.02284807629468,-1.71523618089771,-0.85014885190289,-1.02284807629468,-1.71523618089771,-0.85014885190289,-1.02284807629468,-1.71523618089771,7,9,9,1,12,3,1,0,1,46.667,60,60,6.667,80,20,6.667,0,6.667,3.99962304247654,3.84997403782626,3.19998209644163,3.84994230804753,3.74994491270231,3.79992933163214,3.29500073158053,3.74994491270231,3.67493802150679,-0.715333333333333,-0.690666666666667,-0.314666666666667,-0.374666666666667,-0.294666666666667,-0.598666666666667,-0.232666666666667,-0.290666666666667,0.0693333333333333,-0.18,0
"WLYPGAQNL",9,97.7777777777778,-0.288888888888889,26.8777777777778,0.000272281490953152,0.401227430202512,0.118909448675866,1061.20514,1060.53416,0.0380274350997413,-0.0248991165842006,-0.788836326110916,0.0380274350997413,-0.0248991165842006,-0.788836326110916,0.0380274350997413,-0.0248991165842006,-0.788836326110916,0.0380274350997413,-0.0248991165842006,-0.788836326110916,0.0380274350997413,-0.0248991165842006,-0.788836326110916,0.0380274350997413,-0.0248991165842006,-0.788836326110916,0.0380274350997413,-0.0248991165842006,-0.788836326110916,0.0380274350997413,-0.0248991165842006,-0.788836326110916,0.0380274350997413,-0.0248991165842006,-0.788836326110916,2,4,3,2,7,2,0,0,0,22.222,44.444,33.333,22.222,77.778,22.222,0,0,0,5.5242755106412,6.09322134945637,5.7810778780216,5.69652980663244,5.69726956302037,5.69652980663244,5.93930725507574,5.69726956302037,5.54954996878612,0.247777777777778,-0.0233333333333333,-0.311111111111111,-0.4,-0.103333333333333,-0.51,0.366666666666667,-0.0433333333333333,-0.121111111111111,-0.285555555555556,1
"SLAGFVRML",9,130,-0.404444444444444,8.88888888888889,0.00244786617395421,0.566170061949835,0.280024102302981,993.23224,992.5477,1.03803534669622,0.975891418926308,0.284435102209028,1.03803534669622,0.975891418926308,0.284435102209028,1.03803534669622,0.975891418926308,0.284435102209028,1.03803534669622,0.975891418926308,0.284435102209028,1.03803534669622,0.975891418926308,0.284435102209028,1.03803534669622,0.975891418926308,0.284435102209028,1.03803534669622,0.975891418926308,0.284435102209028,1.03803534669622,0.975891418926308,0.284435102209028,1.03803534669622,0.975891418926308,0.284435102209028,3,4,4,1,7,2,1,1,0,33.333,44.444,44.444,11.111,77.778,22.222,11.111,11.111,0,9.75004051728564,10.5499991946977,10.5100012482126,10.099983975045,10.3500025103709,10.099983975045,11.0850028578896,10.099983975045,9.75002206869252,-0.388888888888889,-0.332222222222222,0.123333333333333,-0.322222222222222,-0.124444444444444,-0.562222222222222,0.214444444444444,0.0544444444444444,-0.145555555555556,0.335555555555556,0
"DPYILLVSSKVSTVK",15,136,0.39,27.4333333333333,3.31383809282215e-11,0.256873765424674,0.381510716827236,1648.96044,1647.94469,1.11161182143595,0.975577652785244,0.179968292624677,1.11161182143595,0.975577652785244,0.179968292624677,1.11161182143595,0.975577652785244,0.179968292624677,1.11161182143595,0.975577652785244,0.179968292624677,1.11161182143595,0.975577652785244,0.179968292624677,1.11161182143595,0.975577652785244,0.179968292624677,1.11161182143595,0.975577652785244,0.179968292624677,1.11161182143595,0.975577652785244,0.179968292624677,1.11161182143595,0.975577652785244,0.179968292624677,4,9,6,1,8,7,3,2,1,26.667,60,40,6.667,53.333,46.667,20,13.333,6.667,8.49746307286957,9.2560410796866,9.76069185325542,8.95102802359605,9.00337959898143,8.82995964203962,9.65963729680976,9.00337959898143,9.2857797938883,0.0666666666666667,-0.244,0.448666666666667,0.0413333333333333,0.144666666666667,-0.786666666666667,-0.452,-0.426,-0.186666666666667,0.245333333333333,1
"PAIAATEFDYVEMWA",15,72,0.0793333333333333,33.22,5.45452571998339e-13,0.195726774151519,0.226286343133856,1713.92224,1712.77557,-2.66475346922645,-3.02159073378332,-3.7888032047004,-2.66475346922645,-3.02159073378332,-3.7888032047004,-2.66475346922645,-3.02159073378332,-3.7888032047004,-2.66475346922645,-3.02159073378332,-3.7888032047004,-2.66475346922645,-3.02159073378332,-3.7888032047004,-2.66475346922645,-3.02159073378332,-3.7888032047004,-2.66475346922645,-3.02159073378332,-3.7888032047004,-2.66475346922645,-3.02159073378332,-3.7888032047004,-2.66475346922645,-3.02159073378332,-3.7888032047004,5,8,6,3,11,4,3,0,3,33.333,53.333,40,20,73.333,26.667,20,0,20,3.57448334185809,3.42471496483332,2.79715823663102,3.4313118083992,3.34478281090296,3.4986868580579,2.87634694591569,3.34478281090296,3.27700757976507,-0.509333333333333,-0.245333333333333,-0.366,-0.234,-0.364,-0.172666666666667,-0.230666666666667,-0.00866666666666665,-0.042,-0.194666666666667,0
"NALQNLARTISEA",13,113.076923076923,2.02538461538462,49.1230769230769,5.30765864592553e-09,0.731636980158781,0.159923852891641,1400.55444,1399.74192,0.149851116474334,-0.0228512385623363,-0.715552308695341,0.149851116474334,-0.0228512385623363,-0.715552308695341,0.149851116474334,-0.0228512385623363,-0.715552308695341,0.149851116474334,-0.0228512385623363,-0.715552308695341,0.149851116474334,-0.0228512385623363,-0.715552308695341,0.149851116474334,-0.0228512385623363,-0.715552308695341,0.149851116474334,-0.0228512385623363,-0.715552308695341,0.149851116474334,-0.0228512385623363,-0.715552308695341,0.149851116474334,-0.0228512385623363,-0.715552308695341,5,7,6,0,6,7,2,1,1,38.462,53.846,46.154,0,46.154,53.846,15.385,7.692,7.692,6.00210006780362,6.41013912425225,6.88444582225935,6.36085715309198,6.26693328316029,6.3135634940734,6.9723112538534,6.26689064044899,6.14015669031855,-0.449230769230769,-0.414615384615385,-0.0492307692307692,0.233076923076923,-0.483846153846154,-0.341538461538462,0.0353846153846154,-0.139230769230769,0.208461538461539,-0.490769230769231,1
"EPEMLDRLDIVVASV",15,142.666666666667,1.22266666666667,23.0733333333333,1.1046163983508e-11,0.402396681423578,0.438066387254653,1685.95324,1684.87053,-2.5911580015124,-3.02000650049464,-3.71552383316121,-2.5911580015124,-3.02000650049464,-3.71552383316121,-2.5911580015124,-3.02000650049464,-3.71552383316121,-2.5911580015124,-3.02000650049464,-3.71552383316121,-2.5911580015124,-3.02000650049464,-3.71552383316121,-2.5911580015124,-3.02000650049464,-3.71552383316121,-2.5911580015124,-3.02000650049464,-3.71552383316121,-2.5911580015124,-3.02000650049464,-3.71552383316121,-2.5911580015124,-3.02000650049464,-3.71552383316121,2,8,7,0,9,6,5,1,4,13.333,53.333,46.667,0,60,40,33.333,6.667,26.667,3.91650047155921,3.73790191433735,3.46894292992811,3.84442075258768,3.72866225286125,3.99894476699704,3.46372226528126,3.72866225123956,3.67483819946118,-0.442666666666667,-0.265333333333333,0.00266666666666667,0.022,-0.304,-0.338666666666667,-0.379333333333333,-0.196,-0.004,0.226666666666667,1
"DCGTIRVGSFRGRWLDPRHA",20,58.5,3.1325,37.435,0,0.428757914036681,0.913577236625611,2299.59804,2298.15519,3.15424080623369,2.18706897099999,0.526907987789946,3.15424080623369,2.18706897099999,0.526907987789946,3.15424080623369,2.18706897099999,0.526907987789946,3.15424080623369,2.18706897099999,0.526907987789946,3.15424080623369,2.18706897099999,0.526907987789946,3.15424080623369,2.18706897099999,0.526907987789946,3.15424080623369,2.18706897099999,0.526907987789946,3.15424080623369,2.18706897099999,0.526907987789946,3.15424080623369,2.18706897099999,0.526907987789946,7,11,4,3,11,9,7,5,2,35,55,20,15,55,45,35,25,10,10.1963469673388,10.3752264917933,10.1939186626545,10.2238925210367,10.2253636395869,10.0358379604361,10.7783942550627,9.97443536193883,9.69375546521246,0.264,-0.159,0.178,0.1305,-0.4665,0.0355,0.0985,0.1035,-0.04,0.3595,1
"KVDSLLGITSADVDVRANPLAAKGV",25,124.8,0.9292,-9.456,0,0.416539584519186,0.707571230867528,2509.88574,2508.39108,0.258794845267577,-0.0220444161479088,-0.746744392616875,0.258794845267577,-0.0220444161479088,-0.746744392616875,0.258794845267577,-0.0220444161479088,-0.746744392616875,0.258794845267577,-0.0220444161479088,-0.746744392616875,0.258794845267577,-0.0220444161479088,-0.746744392616875,0.258794845267577,-0.0220444161479088,-0.746744392616875,0.258794845267577,-0.0220444161479088,-0.746744392616875,0.258794845267577,-0.0220444161479088,-0.746744392616875,0.258794845267577,-0.0220444161479088,-0.746744392616875,9,18,12,0,15,10,6,3,3,36,72,48,0,60,40,24,12,12,6.0392073604661,6.52067270959685,6.83427612690605,6.34907695994001,6.30224594413604,6.53928337774494,6.85679866277339,6.30221892771772,6.18289813027288,-0.1508,-0.5844,0.0528,0.0864,-0.182,-0.6304,-0.2024,-0.0316,-0.0568,0.1824,1
"PWVHASLLAQNNTRV",15,104,1.36666666666667,-3.90666666666667,2.20922169447135e-11,0.371243189234202,0.251576814885155,1705.93694,1704.90596,2.0073819166645,1.21614449227835,0.287587411392288,2.0073819166645,1.21614449227835,0.287587411392288,2.0073819166645,1.21614449227835,0.287587411392288,2.0073819166645,1.21614449227835,0.287587411392288,2.0073819166645,1.21614449227835,0.287587411392288,2.0073819166645,1.21614449227835,0.287587411392288,2.0073819166645,1.21614449227835,0.287587411392288,2.0073819166645,1.21614449227835,0.287587411392288,2.0073819166645,1.21614449227835,0.287587411392288,4,9,6,2,8,7,2,2,0,26.667,60,40,13.333,53.333,46.667,13.333,13.333,0,9.75653885973208,10.5517657541932,10.5100609318458,10.103507442683,10.3513919646091,10.1043999444571,11.0850570209705,10.1014057357562,9.75224265455911,-0.108666666666667,-0.192,0.138666666666667,0.004,-0.0786666666666667,-0.305333333333333,-0.181333333333333,-0.315333333333333,0.056,-0.13,0
"AAVIVGSGRIASLYV",15,156,-0.822,-1.98666666666667,8.83689788011566e-11,0.307982192663718,0.40476966540202,1475.75134,1474.85072,1.03802740347697,0.975097721148139,0.210847546091455,1.03802740347697,0.975097721148139,0.210847546091455,1.03802740347697,0.975097721148139,0.210847546091455,1.03802740347697,0.975097721148139,0.210847546091455,1.03802740347697,0.975097721148139,0.210847546091455,1.03802740347697,0.975097721148139,0.210847546091455,1.03802740347697,0.975097721148139,0.210847546091455,1.03802740347697,0.975097721148139,0.210847546091455,1.03802740347697,0.975097721148139,0.210847546091455,7,10,9,1,12,3,1,1,0,46.667,66.667,60,6.667,80,20,6.667,6.667,0,8.74762165606037,9.34881785998867,9.77717657740233,9.09728011039244,9.14893005313165,9.09728011039244,9.87772759180989,9.14665838386505,9.31557461318829,-0.217333333333333,-0.719333333333333,0.572,-0.188,-0.322666666666667,-0.537333333333333,-0.336,0.217333333333333,-0.270666666666667,-0.0133333333333333,1
"DEFVSRYIETAQRLF",15,78,2.812,46.44,2.76156875145261e-12,0.772586770589496,0.282161393659462,1874.08324,1872.93698,-0.664753532472003,-1.02159705831864,-1.78943546029566,-0.664753532472003,-1.02159705831864,-1.78943546029566,-0.664753532472003,-1.02159705831864,-1.78943546029566,-0.664753532472003,-1.02159705831864,-1.78943546029566,-0.664753532472003,-1.02159705831864,-1.78943546029566,-0.664753532472003,-1.02159705831864,-1.78943546029566,-0.664753532472003,-1.02159705831864,-1.78943546029566,-0.664753532472003,-1.02159705831864,-1.78943546029566,-0.664753532472003,-1.02159705831864,-1.78943546029566,3,5,4,3,7,8,5,2,3,20,33.333,26.667,20,46.667,53.333,33.333,13.333,20,4.67912899702135,4.42636573697873,4.39625919547348,4.68016998710535,4.51413430525455,4.72003721020996,4.39207735571001,4.51413427667044,4.46329538912508,-0.292666666666667,0.137333333333333,0.138666666666667,0.205333333333333,-0.482,-0.244666666666667,-0.0346666666666667,0.0266666666666667,0.212666666666667,-0.072,0
"AASGPKVVIDGKDQNVTGSV",20,87.5,1.1285,-7.48,0,0.363664160237869,0.452949611604264,1942.15644,1941.01667,0.185207320772779,-0.0228349516584176,-0.746436208038497,0.185207320772779,-0.0228349516584176,-0.746436208038497,0.185207320772779,-0.0228349516584176,-0.746436208038497,0.185207320772779,-0.0228349516584176,-0.746436208038497,0.185207320772779,-0.0228349516584176,-0.746436208038497,0.185207320772779,-0.0228349516584176,-0.746436208038497,0.185207320772779,-0.0228349516584176,-0.746436208038497,0.185207320772779,-0.0228349516584176,-0.746436208038497,0.185207320772779,-0.0228349516584176,-0.746436208038497,8,16,7,0,11,9,4,2,2,40,80,35,0,55,45,20,10,10,5.95976666749105,6.44727085578445,6.74937909480985,6.26571859894636,6.22026427435066,6.4523611368934,6.77064307935731,6.22026427435066,6.10002122661727,0.133,-0.702,0.2015,0.213,0.139,-0.409,-0.239,0.161,-0.2935,-0.0385,0
"EVLRILRRRSLAALRA",16,158.75,3.17125,156.5875,1.29880994848008e-10,0.521583819280019,0.312015987040872,1893.31244,1892.19077,4.14985098998323,3.97713611236702,3.28318318011414,4.14985098998323,3.97713611236702,3.28318318011414,4.14985098998323,3.97713611236702,3.28318318011414,4.14985098998323,3.97713611236702,3.28318318011414,4.14985098998323,3.97713611236702,3.28318318011414,4.14985098998323,3.97713611236702,3.28318318011414,4.14985098998323,3.97713611236702,3.28318318011414,4.14985098998323,3.97713611236702,3.28318318011414,4.14985098998323,3.97713611236702,3.28318318011414,4,5,9,0,9,7,6,5,1,25,31.25,56.25,0,56.25,43.75,37.5,31.25,6.25,12.1760650300577,12.6761144548637,11.6785767962747,12.1761156577912,12.6760953950847,12.1761156563536,12.6564686552326,12.1761156552117,11.6761749243464,-0.615625,-0.02625,0.335,0.285,-0.940625,-0.565625,0.255625,-0.339375,0.15375,0.340625,0
"RPGCDAPAY",9,22.2222222222222,1.99333333333333,94.4888888888889,0.000363025512004844,0.388336399177151,0.316704954150766,949.04904,948.41233,0.11129883179691,-0.0547620111054072,-1.54889143733725,0.11129883179691,-0.0547620111054072,-1.54889143733725,0.11129883179691,-0.0547620111054072,-1.54889143733725,0.11129883179691,-0.0547620111054072,-1.54889143733725,0.11129883179691,-0.0547620111054072,-1.54889143733725,0.11129883179691,-0.0547620111054072,-1.54889143733725,0.11129883179691,-0.0547620111054072,-1.54889143733725,0.11129883179691,-0.0547620111054072,-1.54889143733725,0.11129883179691,-0.0547620111054072,-1.54889143733725,4,7,2,1,7,2,2,1,1,44.444,77.778,22.222,11.111,77.778,22.222,22.222,11.111,11.111,5.82868149424672,6.158119280895,5.99383675685795,6.09696636575914,5.96049986848527,6.22158276016306,5.91608068744457,5.96049174325025,5.88069326742916,0.528888888888889,-0.48,-0.381111111111111,-0.125555555555556,-0.37,-0.0255555555555556,0.236666666666667,-0.22,0.256666666666667,0.244444444444444,1
"GLLSWLQINQQLGIA",15,162.666666666667,-0.592,41.4466666666667,8.28459523205538e-12,0.298804240035672,0.366504142289725,1653.94154,1652.92496,0.0380353783189933,-0.0241054188060313,-0.715248769993342,0.0380353783189933,-0.0241054188060313,-0.715248769993342,0.0380353783189933,-0.0241054188060313,-0.715248769993342,0.0380353783189933,-0.0241054188060313,-0.715248769993342,0.0380353783189933,-0.0241054188060313,-0.715248769993342,0.0380353783189933,-0.0241054188060313,-0.715248769993342,0.0380353783189933,-0.0241054188060313,-0.715248769993342,0.0380353783189933,-0.0241054188060313,-0.715248769993342,0.0380353783189933,-0.0241054188060313,-0.715248769993342,4,5,7,1,10,5,0,0,0,26.667,33.333,46.667,6.667,66.667,33.333,0,0,0,5.52501563885118,6.09998232888297,5.83498104300214,5.70000263044149,5.70000263044149,5.70000263044149,6.0149951106305,5.70000263044149,5.54999908874364,-0.228,-0.282666666666667,0.048,-0.238,-0.126666666666667,-0.457333333333333,0.312,0.0113333333333333,-0.15,-0.596666666666667,0
"AAGVAAWSLIALMIP",15,156.666666666667,-2.33266666666667,7.41333333333333,2.94563262670522e-11,0.184155506352669,0.213323502456411,1483.83204,1482.82681,0.0380353783189933,-0.0241054188060313,-0.715248769993342,0.0380353783189933,-0.0241054188060313,-0.715248769993342,0.0380353783189933,-0.0241054188060313,-0.715248769993342,0.0380353783189933,-0.0241054188060313,-0.715248769993342,0.0380353783189933,-0.0241054188060313,-0.715248769993342,0.0380353783189933,-0.0241054188060313,-0.715248769993342,0.0380353783189933,-0.0241054188060313,-0.715248769993342,0.0380353783189933,-0.0241054188060313,-0.715248769993342,0.0380353783189933,-0.0241054188060313,-0.715248769993342,7,9,10,1,14,1,0,0,0,46.667,60,66.667,6.667,93.333,6.667,0,0,0,5.52501563885118,6.09998232888297,5.83498104300214,5.70000263044149,5.70000263044149,5.70000263044149,6.0149951106305,5.70000263044149,5.54999908874364,-0.59,-0.698,-0.138,-0.552,-0.314666666666667,-0.51,-0.153333333333333,-0.148,-0.176666666666667,-0.255333333333333,1
"KDRKWTAQFEHTLLV",15,78,2.39266666666667,-20.7933333333333,1.84097181943343e-12,0.462952807131226,0.4386318651488,1872.15704,1871.00533,2.19278207277883,1.21787860415915,0.256404619223512,2.19278207277883,1.21787860415915,0.256404619223512,2.19278207277883,1.21787860415915,0.256404619223512,2.19278207277883,1.21787860415915,0.256404619223512,2.19278207277883,1.21787860415915,0.256404619223512,2.19278207277883,1.21787860415915,0.256404619223512,2.19278207277883,1.21787860415915,0.256404619223512,2.19278207277883,1.21787860415915,0.256404619223512,2.19278207277883,1.21787860415915,0.256404619223512,3,5,4,3,6,9,6,4,2,20,33.333,26.667,20,40,60,40,26.667,13.333,8.59736668972563,9.53691599954141,10.2458929781069,9.13836606070378,9.18905835777231,8.93465456367812,9.89927645224381,9.18642933774094,9.50929941069878,-0.398666666666667,0.196,-0.0373333333333333,0.268,-0.054,-0.409333333333333,0.136666666666667,-0.205333333333333,-0.0186666666666667,0.225333333333333,0
"ALCLRLLTARSRTRA",15,124,2.78866666666667,77.1466666666667,2.68420607962838e-09,0.372951949080196,0.897962954990339,1701.06644,1699.99915,4.03771912403026,3.94522850209161,2.52373979216818,4.03771912403026,3.94522850209161,2.52373979216818,4.03771912403026,3.94522850209161,2.52373979216818,4.03771912403026,3.94522850209161,2.52373979216818,4.03771912403026,3.94522850209161,2.52373979216818,4.03771912403026,3.94522850209161,2.52373979216818,4.03771912403026,3.94522850209161,2.52373979216818,4.03771912403026,3.94522850209161,2.52373979216818,4.03771912403026,3.94522850209161,2.52373979216818,7,7,7,0,8,7,4,4,0,46.667,46.667,46.667,0,53.333,46.667,26.667,26.667,0,12.0004619557897,12.5000603073142,11.5047328936172,12.0005185614582,12.5000130569699,12.0002130161778,12.4807133341889,12.0001606293752,11.5004429610221,-0.434,-0.22,0.309333333333333,0.193333333333333,-0.860666666666667,-0.42,0.468666666666667,-0.598666666666667,0.159333333333333,0.483333333333333,1
"ADVLTMKAVRAATAL",15,124,0.334,3.67333333333333,5.89126525341044e-11,0.425789834759431,0.31175904336735,1530.84624,1529.85991,1.11162131792311,0.976526652500115,0.268841383186451,1.11162131792311,0.976526652500115,0.268841383186451,1.11162131792311,0.976526652500115,0.268841383186451,1.11162131792311,0.976526652500115,0.268841383186451,1.11162131792311,0.976526652500115,0.268841383186451,1.11162131792311,0.976526652500115,0.268841383186451,1.11162131792311,0.976526652500115,0.268841383186451,1.11162131792311,0.976526652500115,0.268841383186451,1.11162131792311,0.976526652500115,0.268841383186451,7,10,9,0,10,5,3,2,1,46.667,66.667,60,0,66.667,33.333,20,13.333,6.667,8.74769723262179,9.69502082827801,10.3437865228444,9.29374694085668,9.34753496400544,9.0972944115661,10.1054098317069,9.34229139795633,9.5967627174247,-0.785333333333333,-0.608,0.0206666666666667,0.0373333333333333,-0.268666666666667,-0.579333333333333,0.00466666666666664,-0.266,-0.0566666666666667,0.242666666666667,1
"YYQSGLSIVMPVGGQSSFYS",20,68,0.1215,114.82,0,0.316297934870965,0.222166740515861,2170.42124,2169.00884,0.0380115486612372,-0.0264865121405392,-0.936011438346063,0.0380115486612372,-0.0264865121405392,-0.936011438346063,0.0380115486612372,-0.0264865121405392,-0.936011438346063,0.0380115486612372,-0.0264865121405392,-0.936011438346063,0.0380115486612372,-0.0264865121405392,-0.936011438346063,0.0380115486612372,-0.0264865121405392,-0.936011438346063,0.0380115486612372,-0.0264865121405392,-0.936011438346063,0.0380115486612372,-0.0264865121405392,-0.936011438346063,0.0380115486612372,-0.0264865121405392,-0.936011438346063,8,11,4,4,13,7,0,0,0,40,55,20,20,65,35,0,0,0,5.52290423190744,6.08020925932353,5.70191135601249,5.68987697431243,5.69192655772043,5.68987697431243,5.83881933222253,5.69192655772043,5.54871183237374,0.4415,-0.3555,0.3175,-0.172,0.223,-0.336,-0.276,0.089,-0.4335,-0.142,1
"LLACAVIHA",9,195.555555555556,-2.31666666666667,71.4222222222222,0.000544488844695934,0.167155632910466,0.148417612276136,910.14234,909.51058,1.00706582048965,0.185494224514295,-1.47184338745804,1.00706582048965,0.185494224514295,-1.47184338745804,1.00706582048965,0.185494224514295,-1.47184338745804,1.00706582048965,0.185494224514295,-1.47184338745804,1.00706582048965,0.185494224514295,-1.47184338745804,1.00706582048965,0.185494224514295,-1.47184338745804,1.00706582048965,0.185494224514295,-1.47184338745804,1.00706582048965,0.185494224514295,-1.47184338745804,1.00706582048965,0.185494224514295,-1.47184338745804,4,5,7,1,8,1,1,1,0,44.444,55.556,77.778,11.111,88.889,11.111,11.111,11.111,0,6.73190150556026,7.35904751276862,7.14966308880744,7.26102283398489,6.96204624709351,7.24508030636415,7.08235895742637,6.96204624709351,6.90552156784102,-0.946666666666667,-0.694444444444444,0.0677777777777778,-0.55,-0.336666666666667,-0.422222222222222,-0.101111111111111,-0.156666666666667,0.443333333333333,0.224444444444444,0
"AAIGLSMAGSSAMILAAYHP",20,108,-1.106,39.66,0,0.136730159871194,0.217294313886019,1932.28304,1930.96445,1.00737400506803,0.215353956767841,-0.785684016927655,1.00737400506803,0.215353956767841,-0.785684016927655,1.00737400506803,0.215353956767841,-0.785684016927655,1.00737400506803,0.215353956767841,-0.785684016927655,1.00737400506803,0.215353956767841,-0.785684016927655,1.00737400506803,0.215353956767841,-0.785684016927655,1.00737400506803,0.215353956767841,-0.785684016927655,1.00737400506803,0.215353956767841,-0.785684016927655,1.00737400506803,0.215353956767841,-0.785684016927655,11,12,10,2,16,4,1,1,0,55,60,50,10,80,20,5,5,0,6.74013756337324,7.54232835517989,7.70463830652484,7.29587033223196,7.09724086391508,7.34569706065083,7.76785834928337,7.09724086391508,6.99981799515042,-0.366,-0.7735,-0.2085,-0.3455,-0.085,-0.3655,-0.2655,-0.0145,-0.1735,-0.0965,1
"AALEERYNFLSTQLE",15,91.3333333333333,2.152,10.9933333333333,8.28459523205538e-12,0.196787245378493,0.498635776981288,1783.95544,1782.8788,-1.62652528718868,-2.02113025131779,-2.78911468662165,-1.62652528718868,-2.02113025131779,-2.78911468662165,-1.62652528718868,-2.02113025131779,-2.78911468662165,-1.62652528718868,-2.02113025131779,-2.78911468662165,-1.62652528718868,-2.02113025131779,-2.78911468662165,-1.62652528718868,-2.02113025131779,-2.78911468662165,-1.62652528718868,-2.02113025131779,-2.78911468662165,-1.62652528718868,-2.02113025131779,-2.78911468662165,-1.62652528718868,-2.02113025131779,-2.78911468662165,4,5,5,2,7,8,4,1,3,26.667,33.333,33.333,13.333,46.667,53.333,26.667,6.667,20,4.25263839847787,3.98007145519409,3.958906871602,4.25108966174339,4.0737667695665,4.16164045293157,3.96399521027366,4.07376674077038,4.01750148090192,-0.497333333333333,-0.0433333333333333,-0.290666666666667,0.167333333333333,-0.53,-0.453333333333333,0.198666666666667,-0.0893333333333333,0.143333333333333,-0.107333333333333,0
"ATRLAAAPIAATDGA",15,98.6666666666667,0.355333333333333,16.5133333333333,7.85501663713717e-11,0.289637191564046,0.377396679656316,1369.54054,1368.73608,0.111622902813791,-0.0233148832955223,-0.71555695457172,0.111622902813791,-0.0233148832955223,-0.71555695457172,0.111622902813791,-0.0233148832955223,-0.71555695457172,0.111622902813791,-0.0233148832955223,-0.71555695457172,0.111622902813791,-0.0233148832955223,-0.71555695457172,0.111622902813791,-0.0233148832955223,-0.71555695457172,0.111622902813791,-0.0233148832955223,-0.71555695457172,0.111622902813791,-0.0233148832955223,-0.71555695457172,0.111622902813791,-0.0233148832955223,-0.71555695457172,10,12,9,0,11,4,2,1,1,66.667,80,60,0,73.333,26.667,13.333,6.667,6.667,5.83636024847154,6.33872489404841,6.60408325174065,6.13233299199907,6.08994892756905,6.3135634940734,6.680046032794,6.0899229907081,5.96523573983635,-0.523333333333333,-0.966,-0.294,-0.0486666666666667,-0.629333333333333,-0.467333333333333,0.0153333333333333,-0.198,0.102,-0.134666666666667,0
"AIAIAFLAGCSSTKPVSQDTSPKPA",25,78.4,0.442,53.652,0,0.338598677026807,0.271496054047808,2460.82794,2459.27296,1.11130363685758,0.945717920531698,-0.506191077905707,1.11130363685758,0.945717920531698,-0.506191077905707,1.11130363685758,0.945717920531698,-0.506191077905707,1.11130363685758,0.945717920531698,-0.506191077905707,1.11130363685758,0.945717920531698,-0.506191077905707,1.11130363685758,0.945717920531698,-0.506191077905707,1.11130363685758,0.945717920531698,-0.506191077905707,1.11130363685758,0.945717920531698,-0.506191077905707,1.11130363685758,0.945717920531698,-0.506191077905707,13,18,9,1,15,10,3,2,1,52,72,36,4,60,40,12,8,4,8.19760434460681,8.540485624782,8.91800468688808,8.56901758339035,8.24052933892307,8.31397567982171,8.86310817711388,8.24052933892307,8.16421798198078,-0.012,-0.652,-0.0788,-0.0412,-0.0524,-0.4144,-0.1528,-0.4604,0.0212,-0.2028,1
"LSLLAKTEFAVPRVV",15,149.333333333333,-0.0153333333333334,29.9866666666667,1.32553412690584e-10,0.392709666093043,0.464797354437654,1643.00254,1641.98173,1.14984953158365,0.976990297233301,0.268846029062829,1.14984953158365,0.976990297233301,0.268846029062829,1.14984953158365,0.976990297233301,0.268846029062829,1.14984953158365,0.976990297233301,0.268846029062829,1.14984953158365,0.976990297233301,0.268846029062829,1.14984953158365,0.976990297233301,0.268846029062829,1.14984953158365,0.976990297233301,0.268846029062829,1.14984953158365,0.976990297233301,0.268846029062829,1.14984953158365,0.976990297233301,0.268846029062829,4,8,8,1,10,5,3,2,1,26.667,53.333,53.333,6.667,66.667,33.333,20,13.333,6.667,8.74783170694318,9.69502246034406,10.3437876067822,9.29381226302553,9.34757967487282,9.0972944115661,10.1054109723721,9.34232938898337,9.59681806920358,-0.474,-0.288,0.19,-0.0953333333333334,-0.179333333333333,-0.825333333333333,0.0466666666666666,-0.39,0.0473333333333333,0.295333333333333,0
"ITEILAGYYEPDAEG",15,91.3333333333333,0.782666666666667,53.2066666666667,8.1823436914874e-13,0.357388293748812,0.338378408368078,1640.76374,1639.76169,-3.55294564266759,-4.02112708905014,-4.86237817172235,-3.55294564266759,-4.02112708905014,-4.86237817172235,-3.55294564266759,-4.02112708905014,-4.86237817172235,-3.55294564266759,-4.02112708905014,-4.86237817172235,-3.55294564266759,-4.02112708905014,-4.86237817172235,-3.55294564266759,-4.02112708905014,-4.86237817172235,-3.55294564266759,-4.02112708905014,-4.86237817172235,-3.55294564266759,-4.02112708905014,-4.86237817172235,-3.55294564266759,-4.02112708905014,-4.86237817172235,5,7,5,2,10,5,4,0,4,33.333,46.667,33.333,13.333,66.667,33.333,26.667,0,26.667,3.50382574642715,3.33170771187198,2.7546112724756,3.37474756820639,3.27936151810131,3.41762154301875,2.83338459744507,3.27936151810131,3.21231686378578,-0.0926666666666667,-0.353333333333333,-0.254,-0.028,-0.490666666666667,-0.268,0.00400000000000001,0.336,-0.0893333333333333,-0.0906666666666667,0
"NTPVRSFLLQLGGIR",15,123.333333333333,1.294,70.1066666666667,9.94150317623621e-11,0.400415796691144,0.465021775611296,1670.97534,1669.96274,2.03803531507344,1.97588825665865,1.2841189744114,2.03803531507344,1.97588825665865,1.2841189744114,2.03803531507344,1.97588825665865,1.2841189744114,2.03803531507344,1.97588825665865,1.2841189744114,2.03803531507344,1.97588825665865,1.2841189744114,2.03803531507344,1.97588825665865,1.2841189744114,2.03803531507344,1.97588825665865,1.2841189744114,2.03803531507344,1.97588825665865,1.2841189744114,2.03803531507344,1.97588825665865,1.2841189744114,4,7,5,1,9,6,2,2,0,26.667,46.667,33.333,6.667,60,40,13.333,13.333,0,12.0000280145549,12.5000711634761,11.5088386760192,12.0001421921965,12.50000761447,12.0001421921965,12.4814061711215,12.0001421921965,11.5002564547766,0.157333333333333,-0.214,0.346666666666667,-0.018,-0.188,-0.45,0.368666666666667,-0.05,0.0453333333333334,-0.0253333333333333,0
"AEAPAAAAAPEEQVQ",15,66,0.986666666666667,88.9866666666667,4.36384262059164e-12,0.148757370433981,0.255594409081677,1452.54074,1451.68919,-2.62651731234666,-3.02033339127197,-3.71521100270645,-2.62651731234666,-3.02033339127197,-3.71521100270645,-2.62651731234666,-3.02033339127197,-3.71521100270645,-2.62651731234666,-3.02033339127197,-3.71521100270645,-2.62651731234666,-3.02033339127197,-3.71521100270645,-2.62651731234666,-3.02033339127197,-3.71521100270645,-2.62651731234666,-3.02033339127197,-3.71521100270645,-2.62651731234666,-3.02033339127197,-3.71521100270645,-2.62651731234666,-3.02033339127197,-3.71521100270645,7,10,8,0,10,5,3,0,3,46.667,66.667,53.333,0,66.667,33.333,20,0,20,3.67298650282115,3.47281444278972,2.93910701464469,3.5554353355591,3.44107425865172,3.49868717291544,3.02866322341049,3.44107425865172,3.36995777112002,-0.855333333333333,-0.800666666666667,-0.782666666666667,0.128,-0.398666666666667,-0.319333333333333,-0.00466666666666668,-0.358666666666667,0.092,-0.552666666666667,1
"AILIRVRNA",9,184.444444444444,1.56222222222222,44,0.000816622081414531,0.313545624563749,0.673515065218309,1025.26244,1024.65052,2.03803531507344,1.97588825665865,1.2841189744114,2.03803531507344,1.97588825665865,1.2841189744114,2.03803531507344,1.97588825665865,1.2841189744114,2.03803531507344,1.97588825665865,1.2841189744114,2.03803531507344,1.97588825665865,1.2841189744114,2.03803531507344,1.97588825665865,1.2841189744114,2.03803531507344,1.97588825665865,1.2841189744114,2.03803531507344,1.97588825665865,1.2841189744114,2.03803531507344,1.97588825665865,1.2841189744114,2,4,6,0,6,3,2,2,0,22.222,44.444,66.667,0,66.667,33.333,22.222,22.222,0,12.0000280145549,12.5000711634761,11.5088386760192,12.0001421921965,12.50000761447,12.0001421921965,12.4814061711215,12.0001421921965,11.5002564547766,-0.531111111111111,-0.211111111111111,0.673333333333333,0.107777777777778,-0.69,-0.341111111111111,-0.0466666666666667,0.0677777777777778,0.365555555555556,-0.312222222222222,1
"ALLENIHRVQLNPLE",15,156,1.438,44.9333333333333,8.28459523205538e-12,0.506890200996293,0.464296613729057,1759.03824,1757.97878,0.231013456220736,-0.781340822698939,-1.71238741041645,0.231013456220736,-0.781340822698939,-1.71238741041645,0.231013456220736,-0.781340822698939,-1.71238741041645,0.231013456220736,-0.781340822698939,-1.71238741041645,0.231013456220736,-0.781340822698939,-1.71238741041645,0.231013456220736,-0.781340822698939,-1.71238741041645,0.231013456220736,-0.781340822698939,-1.71238741041645,0.231013456220736,-0.781340822698939,-1.71238741041645,0.231013456220736,-0.781340822698939,-1.71238741041645,1,5,7,1,8,7,4,2,2,6.667,33.333,46.667,6.667,53.333,46.667,26.667,13.333,13.333,5.39946503316863,5.49310863379759,5.29693781376677,5.61975408130148,5.33079329606798,5.61667740055672,5.29756253698946,5.33079304296092,5.30233003408409,-0.427333333333333,-0.04,-0.103333333333333,0.0413333333333333,-0.236,-0.440666666666667,0.123333333333333,-0.150666666666667,0.385333333333333,-0.109333333333333,0
"AFTNAGLQFDDLKAM",15,72,0.881333333333333,18.5866666666667,1.22735155372311e-12,0.397147821346944,0.507679500584868,1641.85904,1640.78681,-0.81479109433654,-1.02267648745406,-1.73083454579667,-0.81479109433654,-1.02267648745406,-1.73083454579667,-0.81479109433654,-1.02267648745406,-1.73083454579667,-0.81479109433654,-1.02267648745406,-1.73083454579667,-0.81479109433654,-1.02267648745406,-1.73083454579667,-0.81479109433654,-1.02267648745406,-1.73083454579667,-0.81479109433654,-1.02267648745406,-1.73083454579667,-0.81479109433654,-1.02267648745406,-1.73083454579667,-0.81479109433654,-1.02267648745406,-1.73083454579667,5,8,5,2,9,6,3,1,2,33.333,53.333,33.333,13.333,60,40,20,6.667,13.333,4.20781899993402,4.10922403372286,3.70361376939457,4.09787972757123,4.01576697159832,4.44648578267058,3.68738379555517,4.01576697159832,3.96475808856218,-0.358,-0.332,-0.466,-0.06,-0.0313333333333333,-0.453333333333333,0.222666666666667,0.209333333333333,0.238,-0.106666666666667,0
"RGRKRTLSDVLNEMR",15,71.3333333333333,5.08,20.38,7.4561246066196e-11,0.696074442823061,0.459754863598419,1831.12644,1830.00061,3.2234369928329,2.97777450820849,2.26790558888919,3.2234369928329,2.97777450820849,2.26790558888919,3.2234369928329,2.97777450820849,2.26790558888919,3.2234369928329,2.97777450820849,2.26790558888919,3.2234369928329,2.97777450820849,2.26790558888919,3.2234369928329,2.97777450820849,2.26790558888919,3.2234369928329,2.97777450820849,2.26790558888919,3.2234369928329,2.97777450820849,2.26790558888919,3.2234369928329,2.97777450820849,2.26790558888919,3,6,3,0,5,10,7,5,2,20,40,20,0,33.333,66.667,46.667,33.333,13.333,11.5390290364905,12.0531814045232,11.3294248966082,11.5598099388623,12.0390793377715,11.539261304277,12.0233357329085,11.5676534875923,11.3240802116834,-0.0586666666666667,0.102,0.281333333333333,0.635333333333333,-0.408,-0.172,0.269333333333333,-0.0566666666666667,-0.138,0.424666666666667,1
"QRPRMLYDYFHQLFA",15,58.6666666666667,2.308,32.9333333333333,1.38078437572631e-12,0.650812127200583,0.477699058778485,1985.29344,1983.97775,2.0809535547208,1.21534763223252,0.140104114578764,2.0809535547208,1.21534763223252,0.140104114578764,2.0809535547208,1.21534763223252,0.140104114578764,2.0809535547208,1.21534763223252,0.140104114578764,2.0809535547208,1.21534763223252,0.140104114578764,2.0809535547208,1.21534763223252,0.140104114578764,2.0809535547208,1.21534763223252,0.140104114578764,2.0809535547208,1.21534763223252,0.140104114578764,2.0809535547208,1.21534763223252,0.140104114578764,1,3,3,5,9,6,4,3,1,6.667,20,20,33.333,60,40,26.667,20,6.667,8.59597186938781,9.17364505594615,9.54786448341376,8.93210161030502,8.9830173489005,8.93326789862018,9.62945935846788,8.98078595750624,9.16082572163995,-0.0646666666666667,0.428,-0.0746666666666666,-0.06,0.052,-0.235333333333333,0.21,-0.0526666666666666,0.412666666666667,0.072,1
"LLFLGVVFL",9,237.777777777778,-3.85111111111111,8.88888888888889,0.00244786617395421,0.0807122428188035,0.0645427114788152,1020.32314,1019.6419,0.0380353783189933,-0.0241054188060313,-0.715248769993342,0.0380353783189933,-0.0241054188060313,-0.715248769993342,0.0380353783189933,-0.0241054188060313,-0.715248769993342,0.0380353783189933,-0.0241054188060313,-0.715248769993342,0.0380353783189933,-0.0241054188060313,-0.715248769993342,0.0380353783189933,-0.0241054188060313,-0.715248769993342,0.0380353783189933,-0.0241054188060313,-0.715248769993342,0.0380353783189933,-0.0241054188060313,-0.715248769993342,0.0380353783189933,-0.0241054188060313,-0.715248769993342,1,3,6,2,9,0,0,0,0,11.111,33.333,66.667,22.222,100,0,0,0,0,5.52501563885118,6.09998232888297,5.83498104300214,5.70000263044149,5.70000263044149,5.70000263044149,6.0149951106305,5.70000263044149,5.54999908874364,-0.511111111111111,-0.157777777777778,0.241111111111111,-0.913333333333333,-0.0733333333333333,-1.28333333333333,0.484444444444444,0.182222222222222,0.293333333333333,0.511111111111111,0
"PTLIGLAMGDAGGYKASDMW",20,73.5,-0.0939999999999999,11.425,0,0.281237350162115,0.298643866147781,2054.36314,2052.96484,-0.814799037555792,-1.02347018523222,-1.80442210191424,-0.814799037555792,-1.02347018523222,-1.80442210191424,-0.814799037555792,-1.02347018523222,-1.80442210191424,-0.814799037555792,-1.02347018523222,-1.80442210191424,-0.814799037555792,-1.02347018523222,-1.80442210191424,-0.814799037555792,-1.02347018523222,-1.80442210191424,-0.814799037555792,-1.02347018523222,-1.80442210191424,-0.814799037555792,-1.02347018523222,-1.80442210191424,-0.814799037555792,-1.02347018523222,-1.80442210191424,9,12,6,2,15,5,3,1,2,45,60,30,10,75,25,15,5,10,4.20785371394488,4.10926739463532,3.70361299736535,4.09787208063923,4.01576236267809,4.44649245275814,3.68738371039833,4.01576236267809,3.96475875615552,0.059,-0.54,-0.3225,-0.2195,-0.046,-0.2955,0.113,0.265,-0.4545,0.1315,1
"RPKPDTETY",9,0,4.58666666666667,18.2333333333333,0.00018152923243353,0.177472388660387,0.51545996514163,1106.20054,1105.54037,0.223429144481976,-0.0230097027666987,-0.804733583835492,0.223429144481976,-0.0230097027666987,-0.804733583835492,0.223429144481976,-0.0230097027666987,-0.804733583835492,0.223429144481976,-0.0230097027666987,-0.804733583835492,0.223429144481976,-0.0230097027666987,-0.804733583835492,0.223429144481976,-0.0230097027666987,-0.804733583835492,0.223429144481976,-0.0230097027666987,-0.804733583835492,0.223429144481976,-0.0230097027666987,-0.804733583835492,0.223429144481976,-0.0230097027666987,-0.804733583835492,2,5,0,1,3,6,4,2,2,22.222,55.556,0,11.111,33.333,66.667,44.444,22.222,22.222,6.06900248230149,6.48752705190253,6.88065704383434,6.41430707989232,6.33225206794996,6.45233874797605,6.92371336865815,6.33222841925508,6.21091947476929,0.558888888888889,0.164444444444444,-0.125555555555556,0.527777777777778,-0.0922222222222222,-0.196666666666667,0.151111111111111,-0.61,0.0522222222222222,0.273333333333333,1
"AGGNGGAGGLIWGTA",15,72,-0.998,0.1,2.61833887904572e-11,0.0859282086302366,0.122150972603799,1258.35584,1257.61015,0.0380353783189933,-0.0241054188060313,-0.715248769993342,0.0380353783189933,-0.0241054188060313,-0.715248769993342,0.0380353783189933,-0.0241054188060313,-0.715248769993342,0.0380353783189933,-0.0241054188060313,-0.715248769993342,0.0380353783189933,-0.0241054188060313,-0.715248769993342,0.0380353783189933,-0.0241054188060313,-0.715248769993342,0.0380353783189933,-0.0241054188060313,-0.715248769993342,0.0380353783189933,-0.0241054188060313,-0.715248769993342,0.0380353783189933,-0.0241054188060313,-0.715248769993342,11,12,5,1,13,2,0,0,0,73.333,80,33.333,6.667,86.667,13.333,0,0,0,5.52501563885118,6.09998232888297,5.83498104300214,5.70000263044149,5.70000263044149,5.70000263044149,6.0149951106305,5.70000263044149,5.54999908874364,0.364666666666667,-1.17066666666667,-0.173333333333333,-0.262,-0.284,-0.265333333333333,0.562666666666667,1.04733333333333,-0.776,-0.0806666666666667,0
"GGGVGYVGGGVASAG",15,71.3333333333333,-1.31466666666667,25.26,1.04733555161829e-10,0.233226038360837,0.123488441612282,1164.24004,1163.55705,0.0380274350997413,-0.0248991165842006,-0.788836326110916,0.0380274350997413,-0.0248991165842006,-0.788836326110916,0.0380274350997413,-0.0248991165842006,-0.788836326110916,0.0380274350997413,-0.0248991165842006,-0.788836326110916,0.0380274350997413,-0.0248991165842006,-0.788836326110916,0.0380274350997413,-0.0248991165842006,-0.788836326110916,0.0380274350997413,-0.0248991165842006,-0.788836326110916,0.0380274350997413,-0.0248991165842006,-0.788836326110916,0.0380274350997413,-0.0248991165842006,-0.788836326110916,11,14,5,1,14,1,0,0,0,73.333,93.333,33.333,6.667,93.333,6.667,0,0,0,5.5242755106412,6.09322134945637,5.7810778780216,5.69652980663244,5.69726956302037,5.69652980663244,5.93930725507574,5.69726956302037,5.54954996878612,0.568666666666667,-1.38333333333333,0.22,-0.210666666666667,0.0153333333333333,-0.398666666666667,0.316666666666667,1.252,-1.01733333333333,0.331333333333333,0
"AFDYSCIVSLELLAR",15,136.666666666667,0.386,33.6333333333333,2.48537856961661e-11,0.324028694292451,0.336556377331009,1699.98244,1698.86506,-0.776885398424973,-1.05350466859405,-2.54887884824162,-0.776885398424973,-1.05350466859405,-2.54887884824162,-0.776885398424973,-1.05350466859405,-2.54887884824162,-0.776885398424973,-1.05350466859405,-2.54887884824162,-0.776885398424973,-1.05350466859405,-2.54887884824162,-0.776885398424973,-1.05350466859405,-2.54887884824162,-0.776885398424973,-1.05350466859405,-2.54887884824162,-0.776885398424973,-1.05350466859405,-2.54887884824162,-0.776885398424973,-1.05350466859405,-2.54887884824162,5,7,7,2,10,5,3,1,2,33.333,46.667,46.667,13.333,66.667,33.333,20,6.667,13.333,4.37021590613457,4.1843579816632,3.97905185959694,4.3168762455886,4.1858211349905,4.44642087318646,3.97218757403718,4.18582011323448,4.13250634693104,-0.363333333333333,-0.237333333333333,0.0373333333333333,-0.224,-0.559333333333333,-0.494666666666667,-0.125333333333333,-0.151333333333333,0.230666666666667,0.196,0
"LHGVRDGLVRDANNY",15,97.3333333333333,2.91666666666667,2.42,1.1046163983508e-11,0.418468786524707,0.283734659502295,1698.85874,1697.85973,1.15454905405762,0.216935027788859,-0.786300386084411,1.15454905405762,0.216935027788859,-0.786300386084411,1.15454905405762,0.216935027788859,-0.786300386084411,1.15454905405762,0.216935027788859,-0.786300386084411,1.15454905405762,0.216935027788859,-0.786300386084411,1.15454905405762,0.216935027788859,-0.786300386084411,1.15454905405762,0.216935027788859,-0.786300386084411,1.15454905405762,0.216935027788859,-0.786300386084411,1.15454905405762,0.216935027788859,-0.786300386084411,3,9,5,2,8,7,5,3,2,20,60,33.333,13.333,53.333,46.667,33.333,20,13.333,6.74701669558995,7.54359153777417,7.70316354311884,7.29795308381909,7.10117532067622,7.35007544998185,7.76931158424953,7.10112339520555,7.00342601622333,0.176666666666667,-0.203333333333333,0.135333333333333,0.207333333333333,-0.273333333333333,-0.295333333333333,-0.088,0.490666666666667,0.142,0.370666666666667,0
"DAVAAVVAPVGVLVY",15,168.666666666667,-1.89866666666667,24.3266666666667,5.23667775809145e-11,0.279987358161778,0.147578234314165,1442.71864,1441.81801,-0.888385008782685,-1.02410541880603,-1.78882838289166,-0.888385008782685,-1.02410541880603,-1.78882838289166,-0.888385008782685,-1.02410541880603,-1.78882838289166,-0.888385008782685,-1.02410541880603,-1.78882838289166,-0.888385008782685,-1.02410541880603,-1.78882838289166,-0.888385008782685,-1.02410541880603,-1.78882838289166,-0.888385008782685,-1.02410541880603,-1.78882838289166,-0.888385008782685,-1.02410541880603,-1.78882838289166,-0.888385008782685,-1.02410541880603,-1.78882838289166,5,13,11,1,14,1,1,0,1,33.333,86.667,73.333,6.667,93.333,6.667,6.667,0,6.667,3.79983590103079,3.74997185065973,2.91499777795545,3.59997515017936,3.54997679049341,3.79992853321232,2.99500770524527,3.54997679049341,3.47996114055135,-0.416,-0.798,0.397333333333333,-0.349333333333333,-0.0806666666666667,-0.741333333333333,-0.431333333333333,0.056,-0.112,0.288,1
"ALGWPRRVSGAAAAC",15,78.6666666666667,0.649333333333333,74.3533333333333,1.76737846580011e-10,0.391761185519187,0.196181244035895,1485.72694,1484.76701,2.03771918727581,1.94523482662693,0.524372047763441,2.03771918727581,1.94523482662693,0.524372047763441,2.03771918727581,1.94523482662693,0.524372047763441,2.03771918727581,1.94523482662693,0.524372047763441,2.03771918727581,1.94523482662693,0.524372047763441,2.03771918727581,1.94523482662693,0.524372047763441,2.03771918727581,1.94523482662693,0.524372047763441,2.03771918727581,1.94523482662693,0.524372047763441,2.03771918727581,1.94523482662693,0.524372047763441,9,11,7,1,12,3,2,2,0,60,73.333,46.667,6.667,80,20,13.333,13.333,0,10.3519000292313,10.5264059320225,10.3607810456614,10.3787251800467,10.3764018901605,10.1873447530163,10.9355826516222,10.1263917563742,9.8471934507612,-0.195333333333333,-0.709333333333333,-0.135333333333333,-0.158666666666667,-0.606666666666667,-0.264,0.188,-0.113333333333333,-0.214666666666667,0.13,0
"FLLADERVRV",10,146,2.266,0.51,7.90571037448951e-05,0.184736124982474,0.724971249983151,1217.43374,1216.69277,0.223438640969132,-0.0220607030518273,-0.715860493273719,0.223438640969132,-0.0220607030518273,-0.715860493273719,0.223438640969132,-0.0220607030518273,-0.715860493273719,0.223438640969132,-0.0220607030518273,-0.715860493273719,0.223438640969132,-0.0220607030518273,-0.715860493273719,0.223438640969132,-0.0220607030518273,-0.715860493273719,0.223438640969132,-0.0220607030518273,-0.715860493273719,0.223438640969132,-0.0220607030518273,-0.715860493273719,0.223438640969132,-0.0220607030518273,-0.715860493273719,1,4,5,1,6,4,4,2,2,10,40,50,10,60,40,40,20,20,6.07046621616967,6.49566333989294,6.93379789027686,6.41918844198035,6.33613068818354,6.45929184001974,7.02022415274587,6.33607979683921,6.21133681397096,-0.576,0.04,0.182,0.102,-0.644,-0.584,0.061,-0.031,0.277,0.468,0
"EWIRLRRLGRREKFG",15,78,4.788,88.5266666666667,3.7280623033098e-11,0.67123152503764,0.610896245810534,1972.32964,1971.13907,4.26166517487067,3.97823499067402,3.26759410696794,4.26166517487067,3.97823499067402,3.26759410696794,4.26166517487067,3.97823499067402,3.26759410696794,4.26166517487067,3.97823499067402,3.26759410696794,4.26166517487067,3.97823499067402,3.26759410696794,4.26166517487067,3.97823499067402,3.26759410696794,4.26166517487067,3.97823499067402,3.26759410696794,4.26166517487067,3.97823499067402,3.26759410696794,4.26166517487067,3.97823499067402,3.26759410696794,2,2,3,2,7,8,8,6,2,13.333,13.333,20,13.333,46.667,53.333,53.333,40,13.333,11.8292221617676,12.334226840712,11.5029657854273,11.8367279650245,12.3291887236997,11.8292524251937,12.3106772931068,11.8397599140783,11.5000920973513,-0.129333333333333,0.436666666666667,0.211333333333333,0.473333333333333,-0.797333333333333,-0.203333333333333,0.65,0.209333333333333,-0.158666666666667,0.331333333333333,0
